<?xml version="1.0" encoding="UTF-8"?>
<!DOCTYPE hibernate-configuration SYSTEM "http://www.hibernate.org/dtd/hibernate-configuration-3.0.dtd">

<hibernate-configuration>
	<session-factory>
	
		<property name="hibernate.connection.driver_class">
            oracle.jdbc.OracleDriver
        </property>
        
        <property name="hibernate.dialect">
        	org.hibernate.dialect.Oracle10gDialect
        </property>
        
        <property name="hibernate.connection.url">
        	jdbc:oracle:thin:@christinesdb.cagrve4n6aso.us-east-2.rds.amazonaws.com:1521:ORCL
        </property>
        
        <property name="hibernate.connection.username">
        	christine
        </property>
        
        <property name="hibernate.connection.password">
        	password
        </property>
        
        <!-- These may be optional -->
        
        <!-- This determines how many connections a single user is allowed to a database -->
        <property name="hibernate.connection.pool_size">
        	2
        </property>
        
        <property name="show_sql">
        	true
        </property>
        
        <!-- What tells Hibernate how to deal with the database -->
        <property name="hibernate.hbm2ddl.auto">
        	update
        </property>
        
        <!-- Mappings -->
        <mapping class="model.Dish"/>
        <mapping class="model.User"/>
        <mapping class="model.Review"/> 
        <mapping class="model.Tag"/>
        
	</session-factory>	
</hibernate-configuration>