{
    "ambientocclusion": false,
    "textures": {
        "particle": "#pane"
    },
    "elements": [
        {   "from": [ 7, 0, 7 ],
            "to": [ 9, 16, 9 ],
            "faces": {
                "north": { "uv": [  9, 0,  7, 16 ], "texture": "#pane" },
		"south": { "uv": [  9, 0, 16, 16 ], "texture": "#pane" },
                "west":  { "uv": [  7, 0,  9, 16 ], "texture": "#pane" },
                "east":  { "uv": [  7, 0,  9, 16 ], "texture": "#pane" }
            }
        }
    ]
}